type,name,label::English,label::Arabic,relevant,constraint,required,repeat_count,constraint_message:English,constraint_message::Arabic,read_only,appearance,choice_filter,default,calculation,hint::English,hint::Arabic
start,start,,,,,,,,,,,,,,,
end,end,,,,,,,,,,,,,,,
today,date_assessment,,,,,,,,,,,,,,,
deviceid,deviceid,,,,,,,,,,,,,,,
integer,enumerator_num,1.1. Please record your enumerator number,??? ???? ?????????,,,yes,,,,,,,,,To be filled in by enumerator,??? ??????? ?? ??? ??????
select_one sex,enumerator_gender,1.1.2. Please record your gender ,??? ???? ?????????,,,,,,,,,,,,,
select_one governorate_wash,governorate_wash,1.2.1. Current Governorate,???????? ???????,,,yes,,,,,,,,,To be filled in by enumerator,??? ??????? ?? ??? ??????
select_one cluster,cluster_location_id,1.2.2. What is the ID number of your Location?,???? ??? ??? ?????? ( ??????? ?? ???????),,,yes,,,,,,Governorate=${governorate_wash},,,To be filled in by enumerator,??? ??????? ?? ??? ??????
select_one yes_no,hhh,1.3.1. Are you the head of household? ,?? ??? ?? ???????,,,yes,,,,,,,,,"A household is a group of people who regularly share meals, income, and expenditures together. Members must acknowledge the authority of one person as head of household and that person must actually live with the rest of the household members. In polygamous households, each wife is treated as a distinct household when the wives live in different houses, cook separately and take decisions independently.",?????? ?? ?????? ?? ??????? ????? ???????? ??????? ????? ?????? ?????? ???????? ????. ??? ?? ????? ??????? ????? ??? ???? ????? ???? ?????? ? ???? ?? ???? ??? ????? ?????? ?? ???? ????? ??????. ?? ????? ?????? ??????? ? ????? ?? ???? ??? ???? ???? ?????? ????? ???? ??????? ?? ????? ?????? ? ????? ???? ????? ????? ???????? ???? ?????.
select_one yes_no,will_to_response,"1.3.2.  If no, are you willing and able to respond to the questions on behalf of the household?","??? ???, ?? ??? ???? ? ????? ??????? ??? ??????? ???????? ????","selected(${hhh}, 'no')",.='yes',yes,,,,,,,,,,??? ???? ?????? ????? ????????  ????????? ??? ???? ????
select_one yes_no,consent,"1.3.3.  Hello, my name is __ and I work for REACH initiative. We are conducting interviews in order to inform the humanitarian response in Iraq. This interview will take around 45 minutes,  and your answers will remain anonymous and you are free to withdraw at any moment during the survey. The information you provide us will be used in reports and factsheets and shared with humanitarian decision-makers in Iraq. Do you agree to participate?","????? , ??? ???? __. ??? ???? ????????? ?? ??? ??????? ??????? ??? ????????? ????????? ?? ??????. ???? ???????? ?????? ????? 45 ?????. ?????? ??????? ????. ?? ???? ?? ?????? ?? ??????? ?? ?? ???? ?? ?????????. ???? ??????? ????????? ???? ??????? ??? ?? ???????? ????????? ?? ???? ?????? ?? ?????? ????????. ?? ????? ??? ?????????",,.='yes',yes,,,,,,,,,??? ???? ?????? ????? ????????  ????????? ??? ???? ????,??? ???? ?????? ????? ????????  ????????? ??? ???? ????
integer,age_respondent,1.4.. What is your age? ,??? ??????,,.> 17 and .< 120,yes,,Age cannot be below 18 and above 120,?? ???? ?? ???? ????? ??? ?? ??18 ???? ??120 ???,,,,,,,
select_one sex,gender_respondent,1.5. Respondent's sex,??? ?????? ,,,yes,,,,,,,,,,
begin group,household_numbers,,,,,yes,,,,,field-list,,,,,
integer,household_number,1.7. How many people are currently living in this household?,?? ??? ????? ?????? ???????,,,yes,,,,,,,,,,
integer,household_member_male_18,1.8.1. How many of the household members are male 18+?,?? ??? ????? ??????  ?????? ????? ?? ??? ?? ??18 ?,,,yes,,,,,,,,,,
integer,household_member_female_18,1.8.2. How many of the household members are female 18+?,?? ??? ????? ??????  ?????? ??????? ?? ??? ?? ??18 ?,,,yes,,,,,,,,,,
integer,household_member_male_under18,1.8.3. How many of the household members are male under 18?,?? ??? ????? ??????  ?????? ????? ?? ??? ?? ??18 ?,,,yes,,,,,,,,,,
integer,household_member_female_under18,1.8.4. How many of the household members are female under 18?,?? ??? ????? ??????  ?????? ??????? ?? ??? ?? ??18 ?,,(${household_member_male_18} + ${household_member_female_18} + ${household_member_male_under18} +.) =${household_number} ,yes,,Answer must be the same as total number of household members,??? ?? ???? ??????? ?????? ???? ????? ??????,,,,,,,
select_one income,source_income,1.6.1. What is your households most common source of income?,???? ???? ????? ?????? ????? ?????? ?,,,yes,,,,,,,,,,
select_one yes_no,employment_respondent,1.6.2. Is anyone in the household earning an income through employment(formal or informal)?,?? ???? ?? ??? ?? ?????? ??? ??? ?? ???? ??????? (???? ?? ??? ????)?,,,yes,,,,,,,,,,
select_one sector,sector_respondent,1.6.3. What sector does the highest earner work in?,?? ?????? ???? ???? ??? ???? ??????? ????? ?? ???????,"selected(${employment_respondent},'yes')",,yes,,,,,,,,,,
text,sector_respondent_other,"If other, please specify",??? ???? ?????? ?????,"selected(${sector_respondent},'other')",,yes,,,,,,,,,,
integer,income_respondent,1.6.4.  What is your households average monthly income? (IQD),?? ?? ???? ????? ?????? ?????? ???????? ????????,,.=0 or .>=99999  and .<= 10000000,yes,,999 Refuse/Don't know,,,,,,,,
end group,,,,,,,,,,,,,,,,
begin group,household_profile,Household Profile,??????? ?????? ,,,,,,,,,,,,,
select_one yes_no,displace_Status,Was your household living in this subdistrict prior to January 2014?,?? ???? ????? ???? ?? ??? ??????? ??? ???  ????? 2014?,,,yes,,,,,,,,,,
select_one yes_no,displace_Status_returnee,Have you been displaced from this sub-district since January 2014?,?? ??? ?????? ?? ??? ??????? ??? ???  ?????2014?,"selected(${displace_Status}, 'yes')",,yes,,,,,,,,,,
note,note_returnee,This household is a returnee household.,??? ?????? ?????,"selected(${displace_Status_returnee}, 'yes')",,,,,,,,,,,,
note,note_nondisplaced,This household is non-displaced.,??? ?????? ????? ( ?? ???? ?????),"selected(${displace_Status_returnee}, 'no')",,,,,,,,,,,,
select_one yes_no,Displace_Status_idp,Did you move to this subdistrict because of the conflict?,?? ?????? ??? ??? ??????? ???? ???????,"selected(${displace_Status}, 'no')",,yes,,,,,,,,,,
note,note_IDP,This household is an IDP household.,??? ?????? ?? ???? ?????,"selected(${Displace_Status_idp}, 'yes')",,,,,,,,,,,,
calculate,calc_idp,,,,,,,,,,,,,"if(selected(${Displace_Status_idp}, 'yes'), 1,0)",,
calculate,calc_returnee,,,,,,,,,,,,,"if(selected(${displace_Status_returnee}, 'yes'), 1,0)",,
calculate,calc_remainee,,,,,,,,,,,,,"if(selected(${displace_Status_returnee}, 'no'), 1,0)",,
select_multiple reasons_return,reasons_return,What were the main reasons behind your decision to return? ,???? ??? ????? ??????? ??? ????? ??????? ?,${calc_returnee} = 1,,yes,,,,,,,,,,
date,displace_date_returnee,When were you initially displaced from your sub-district? ,??? ????? ?? ?????? ?? ????????,${calc_returnee} = 1,. <=today() and . >= date('2014-01-01'),yes,,Date cannot be before 01/01/2014,??? ?? ?? ???? ??????? ??? 1/1/2014,,,,month-year,,,
date,displace_date_idp,When were you initially displaced from your sub-district? ,??? ????? ?? ?????? ?? ????????,${calc_idp} = 1,. <=today() and . >= date('2014-01-01'),yes,,Date cannot be before 01/01/2014,??? ?? ?? ???? ??????? ??? 1/1/2014,,,,month-year,,,
date,return_date_returnee,When did you return to this subdistrict after your most recent incidence of displacement?,??? ???? ??? ??? ??????? ??? ??? ???? ???,${calc_returnee} = 1,. <=today() and .>=${displace_date_returnee},yes,,,,,,,month-year,,,
date,arrival_date_idp,When did you arrive to this current location? ,??? ???? ??? ????? ???????,${calc_idp} = 1,. <=today() and .>=${displace_date_idp},yes,,,,,,,month-year,,,
select_one yes_no,idp_first_place,Is this location your first place of displacement? ,?? ??? ?????? ?? ??? ???? ?????? ???,${calc_idp} = 1,,yes,,,,,,,,,Place of displacement should not include transit areas. Displacement implies settling down somewhere.,?? ???? ????? ?????? ?? ????? ????? ( ????????? ????). ????? ??? ?? ???? ?? ????????? ??? ( ???? ?? ???? ??????)
select_one governorate_wash,governorate_origin,What governorate in Iraq were you living in before your displacement (forced to leave your home)?,?? ?? ?????? ?? ?????? ??? ???? ??? ?????? ( ??? ??????? ??? ?????? ??????),${calc_idp} = 1,,yes,,,,,,,,,,
select_one district_wash,district_origin,What district in Iraq were you living in before your displacement?,?? ?? ???? ??? ???? ??? ??????,${calc_idp} = 1,,yes,,,,,,Governorate=${governorate_origin},,,,
end group,,,,,,,,,,,,,,,,
begin group,water,Water,????? ???????? ??????,,,,,,,,,,,,,
select_one water_source_one,drinking_water_source,3.1.1. What has been your household's primary source of drinking water over the past 30 days?,???? ??? ?????? ??????? ????? ????? ?????? ???? ??30 ???? ??????? ,,,yes,,,,,,,,,,
text,drinking_water_source_other,"If other, please specify",??? ???? ?????? ?????,"selected(${drinking_water_source},'other')",,yes,,,,,,,,,,
select_multiple water_source_two,secondary_water_source,"3.1.2. Aside from this main source, does your household use other sources of water for drinking? If yes, which ones?",??? ???? ??? ?????? ??????? ? ?? ?????? ????? ????? ???? ????? ?????? ??? ???? ??????? ???? ? ?? ?????,,,,,,,,,,,,,
text,secondary_drinking_water_source_other,"If other, please specify",??? ???? ?????? ?????,"selected(${secondary_water_source},'other')",,yes,,,,,,,,,,
select_multiple water_source_one,cooking_water_source,"3.1.3. What has been your household's sources of water for cooking, washing and cleaning in the last 30 days?",???? ??? ?????? ??????? ?????? ??????? ????????? ????? ??????? ???????? ?????? ???? ??30 ???? ??????? ( ???? ???????),,,yes,,,,,,,,,,
text,nondrinking_water_source_other,"If other, please specify",??? ???? ?????? ?????,"selected(${cooking_water_source},'other')",,yes,,,,,,,,,,
select_one yes_no,bottled_water,3.1.4. Do you purchase bottled water?,?? ????? ?????? ????????,,,yes,,,,,,,,,,
integer,bottled_water_price,3.1.5. How much do you spend on bottled water a week (IQD)?,?? ?? ????? ???? ??? ???? ?????? ??????? ( ???????? ???????)?,"selected(${bottled_water},'yes')",,yes,,,,,,,,,,
select_one yes_no,access_private_shared_watertank,3.2.1. Does your household own either a private or shared water tank?,?? ????? ????? ???? ???? ??? ?? ??????,,,yes,,,,,,,,,,
integer,capacity_watertank,3.2.2. Please can you show me where you store water? Evaluate the capacity of the containers.,?? ?????? ?? ??? ?????? ???? ???? ??? ?????? ??????? ( ?? ?????? ??? ??????),"selected(${access_private_shared_watertank},'yes')",.> 0,yes,,,,,,,,,"Provide an estimate, if the respondend doesn't know input ""999""",???? ????? ???? ??????? ??? ??? ??? ?????? ?? ????? ???? ????? 998
integer,people_share_tank,3.2.3. How many people share this water tank?,?? ??? ??????? ????? ??????? ?? ??????? ???? ?????? ??? ( ??? ???? ????? ?????),"selected(${access_private_shared_watertank},'yes')",.> 0,yes,,,,,,,,,"Provide an estimate, if the respondend doesn't know input ""999""",???? ????? ???? ??????? ??? ??? ??? ?????? ?? ????? ???? ????? 999
integer,refill_times,3.2.4. How many times do you re-fill your tanks each week?,?? ??? ???? ?????? ??? ?????? ?????? ???? ??????? ???????,"selected(${access_private_shared_watertank},'yes')",.> 0 and .<=100,yes,,,,,,,,,"Provide an estimate, if the respondend doesn't know input ""999""",???? ????? ???? ??????? ??? ??? ??? ?????? ?? ????? ???? ????? 999
select_one yes_no,safety_watertank,3.2.5. Is the water in the tank stored safely?,?? ??? ??? ?????? ?? ?????? ???? ????,"selected(${access_private_shared_watertank},'yes')",,yes,,,,,,,,,Storage with a clean cover and has a tap to take water from.,???? ?? ???? ???? ??? ?????
select_one sufficient,sufficient_access,"3.3. Overall, has your households access to water been enough to meet or satisfy the basic needs of your household members in the last 30 days?", ???? ??? ? ?? ??? ???? ????? ??? ?????? ?????? ?????? ?????????? ???????? ?????? ????? ?? ??? 30 ??????,,,yes,,,,,,,,,,
select_multiple problems_access,problems_access_reasons,3.4. What problems do you have in accessing water?, ?? ?? ??????? ???? ?????? ?? ?????? ??? ???????,,,yes,,,,,,,,,,
text,problems_access_reasons_other,"If other, please specify",??? ???? ?????? ?????,"selected(${problems_access_reasons},'other')",,yes,,,,,,,,,,
select_multiple problems_access,water_access_problems_exclnoproblems,3.4. What problems do you have in accessing water?,,,,yes,,,,,,,,,,
select_multiple water_needs,water_needs,"3.5. In the last 30 days, did you and your household members have enough water to meet the following needs? (select all that apply)",?? ??? 30 ????? ? ?? ??? ???? ?????? ????? ?? ???? ?? ?????? ?????? ?????????? ???????? (???? ?? ?? ?????),,"if(selected(.,'none'), count-selected(.)=1, count-selected(.)>=1) ",yes,,,,,,,,,,
select_multiple water_contingency,water_contingency,"3.7. In the last 7 days, have you or any of your family members:",?? ??? 7 ???? ? ?? ?????? ??? ?? ?? ?? ????? ????? ??? ??????? ?? ?? ??????????? ???????? ??????? ?????? ??? ??? ???????,,"if(selected(.,'none'), count-selected(.)=1, count-selected(.)>=1) ",yes,,,,,,,,,,
select_multiple water_contingency,water_contingency_exclnone,"3.7. In the last 7 days, have you or any of your family members:",,,,yes,,,,,,,,,,
select_one waterpoint_time,waterpoint_time,"3.8.1. How long does it take to go to your main water point, fetch water, and return (at peak time)? ",?? ?? ????? ??? ???????? ?????? ??? ???? ?????? ???????? ?????? ?? ? ???? ?????? ? ??????? (?? ??? ??????)?,,,yes,,,,,,,,,,
select_multiple waterfetching_problem,waterfetching_problem,"3.8.2. If no water on premises, do you feel the activity of fetching water (distance and/or queuing time) constitutes a problem for your household? ",??? ?? ???? ???? ?? ????? ??????? ?? ?????? ? ?? ???? ?? ???? ??? ?????? (??????? ? / ?? ????? ????????) ???? ????? ???????,"not(selected(${waterpoint_time},' water_on_premises')) ",,yes,,,,,,,,,,
select_multiple problems_associated,problems_associated,"3.8.3. If relevant, what are the problems associated with fetching water?
",??? ???? ????? ???? ?????? ??? ?? ??? ??????? ???????? ????,"not(selected(${waterfetching_problem},' no_problem')) and not(selected(${waterpoint_time},' water_on_premises')) ",,yes,,,,,,,,,(Select all that apply but do not read choices),?? ???? ?? ??????? ????? ???????
text,problems_associated_other,"If other, please specify",??? ???? ?????? ?????,"selected(${problems_associated},'other')",,yes,,,,,,,,,,
select_one yes_no,shortages_water_point,3.8.4. Has your HH experienced water shortages from water points?,?? ???? ????? ?? ??? ?? ?????? ?? ???? ????? ???????,,,yes,,,,,,,,,,
integer,total_shortages_water_point,3.8.5. How many times did your household experience water shortages in the last 7 days?,?? ??? ???? ????? ?? ??? ?????? ?? ??? 7 ?????,"not(selected(${shortages_water_point},' no')) ",,yes,,,,,,,,,,
select_one yes_no,waterpoint_functional,"3.8.6. If applicable, is the waterpoint closest to the household functional? ",??? ??? ??? ?????? ? ??? ???? ????? ?????? ??? ?????? ?????,,,yes,,,,,,,,, (direct observation),
select_one yes_no,waterpoint_leakeges,3.8.7. Does the waterpipe network in the vicinity of this water point show any leakeges? ,?? ????? ???? ???????? ??????? ?????? ?? ???? ?????? ??? ?? ??????,,,yes,,,,,,,,,(direct observation),?? ???? ???????? ????????
select_one treat_water,treat_water,3.9.1. Does your household treat the water in any way to make it safer to drink?,?? ???? ????? ??????? ?????? ??? ????? ?????? ???? ?????? ??????,,,yes,,,,,,,,,,
select_multiple treat_techniques,treat_techniques,3.9.2. What does your household usually do to make water safer to drink?,???? ???? ?????? ????? ???? ?????? ???? ????? ??????,"not(selected(${treat_water},'dont_know')) and not(selected(${treat_water},'never'))",,yes,,,,,,,,,,
text,treat_techniques_other,"If other, please specify",??? ???? ?????? ?????,"selected(${treat_water},'other')",,yes,,,,,,,,,,
select_one why_free_techniques,why_free_techniques,"3.9.3. If using free methods (stand and settle, boil, expose to sunlight), why do you use this method?",??? ??? ?????? ????? ?????? (???? ?????? ?????????? ? ??? ????? ? ??????? ????? ?????) ? ????? ?????? ??? ????????,"selected(${problems_associated},'Let it stand and settle') or selected(${problems_associated}, 'Boil it') or selected(${problems_associated},'Expose it to sunlight')",,yes,,,,,,,,,,
text,why_free_techniques_other,"If other, please specify",??? ???? ?????? ?????,"selected(${why_free_techniques},'other')",,yes,,,,,,,,,,
select_multiple why_treat,why_treat,3.9.4. Why do you feel the need to treat it?,????? ???? ??????? ??? ?????? ???????,"not(selected(${treat_water},'dont_know')) and not(selected(${treat_water},'never'))",,yes,,,,,,,,,,
text,why_treat_other,"If other, please specify",??? ???? ?????? ?????,"selected(${why_treat},'other')",,yes,,,,,,,,,,
select_one yes_no,consulted_facilities,3.9.5. Was anyone from your household consulted at the time of design and siting of water facilities?,?? ??? ??????? ?? ??? ?? ????? ??? ????? ????? ?????? ?????? ????????,,,yes,,,,,,,,,,
select_one yes_no,female_consulted_facilities,"If yes, were any female members of your household consulted?",??? ??? ? ??? ??? ??????? ?? ???? ?? ????? ??????,"selected(${why_treat},'yes')",,yes,,,,,,,,,,
select_one satisfied,satisfied_water,3.9.6. How satisfied is your household with regards to access to water?,?? ??? ??? ????? ???? ????? ??????? ??? ???????,,,yes,,,,,,,,,,
end group,,,,,,,,,,,,,,,,
begin group,sanitation,Sanitation,,,,,,,,,,,,,,
select_one sanitation_facility,sanitation_facility,4.1.1. What kind of sanitation facility (latrine/toilet) does your household usually use? (also direct observation),?? ??? ????? ????? ????? (???????? / ??????????) ???? ???? ?? ???????? ??????,,,yes,,,,,,,,,,
text,sanitation_facility_other,"If other, please specify",??? ???? ?????? ?????,"selected(${sanitation_facility},'other')",,yes,,,,,,,,,,
select_one yes_no,share_facility,4.1.2. Do you share this sanitation facility with other households? ,?? ??????? ????? ????? ????? ??? ?? ??? ?????,"not(selected(${sanitation_facility},'None of the above')) or not(selected(${sanitation_facility},'open defecation'))",,yes,,,,,,,,,,
select_multiple responsible,toilet_responsible_shared,4.1.2.1. Who is responsible for maintaining it in your household? ,??? ??? ? ??? ??????? ?? ??????? ?? ??????,"selected(${share_facility},'yes')",,yes,,,,,,,,,,
integer,total_share_facility,4.1.3. How many households use this sanitation facility (latrine/toilet)?,?? ??? ????? ???? ?????? ??? ????????,"selected(${share_facility},'yes')",.> 0,yes,,,,,,,,,,
select_one yes_no,toilet_maintained,4.1.4. Is the toilet regularly maintained?,?? ??? ????? ??????? ????????,"not(selected(${sanitation_facility},'None of the above')) or not(selected(${sanitation_facility},'open defecation'))",,yes,,,,,,,,,,
select_multiple responsible,toilet_responsible,4.1.5. Who is responsible for maintaining it in your household? ,??? ??? ? ??? ??????? ?? ??????? ?? ??????,"selected(${toilet_maintained},'yes')",,yes,,,,,,,,,,
select_one sufficient,sufficient_access_sanitation,"4.2. Overall, has your households access to sanitation been enough to meet or satisfy the basic needs of your household members in the last 30 days?",???? ??? ? ?? ??? ???? ????? ??? ????? ????? ?????? ?????? ?????????? ???????? ?????? ????? ?? ??? 30 ??????,,,yes,,,,,,,,,,
select_one sanitation_problems,access_sanitation_problems,4.3. What are the main reasons your household members are not able to access sanitation facilities,?? ?? ??????? ???????? ???? ???? ????? ????? ?? ?????? ??? ????? ????? ?????,"selected(${sufficient_access_sanitation},'insufficent') or selected(${sufficient_access_sanitation},'justenough_barelyenough') or selected(${sufficient_access_sanitation}, 'totally_insufficient')",,yes,,,,,,,,,,
text,access_sanitation_other,"If other, please specify",??? ???? ?????? ?????,"selected(${access_sanitation_problems},'other')",,yes,,,,,,,,,,
select_multiple latrine_facility,latrine_facility,4.4. Do the households' most commonly used latrine have the following?,?? ?????? ????? ????? ???????? ???? ????? ?????:,"not(selected(${sanitation_facility},'None of the above')) or not(selected(${sanitation_facility},'open defecation'))",,yes,, (direct observation),,,,,,,,
select_multiple sanitation,sanitation_family,"4.5. In the last 7 days, have you or any of your family members:",?? ??? 7 ???? ? ?? ??? ?? ?? ?? ????? ?????:,,"if(selected(.,'none'), count-selected(.)=1, count-selected(.)>=1) ",yes,,,,,,,,,,
text,sanitation_other,"If other, please specify",??? ???? ?????? ?????,"selected(${sanitation_family},'other')",,yes,,,,,,,,,,
end group,,,,,,,,,,,,,,,,
begin group,waste,Waste,????????,,,,,,,,,,,,,
select_one disposal,waste_disposal,5.1.1. What is the main method of waste disposal for your household?,?? ?? ??????? ???????? ?????? ?? ???????? ???????,,,yes,,,,,,,,,,
 text,waste_disposal_other,"If other, please specify",??? ???? ?????? ?????,"selected(${waste_disposal},'other')",,yes,,,,,,,,,,
select_one frequency,waste_frequency,"5.1.2. If collection is available, how frequently is solid waste collected?",??? ??? ??????? ??????? ? ??? ??? ??? ??? ???????? ?????? ?? ???????,"selected(${waste_disposal},'garbage_bin')",,yes,,,,,,,,,,
select_one yes_no,sufficient_containers,5.1.3. Are there sufficient waste receptacles/containers in the area?,?? ???? ????? / ?????? ?????? ????? ?? ????????,,,yes,,,,,,,,,,
select_one frequency,receptacles_frequency,5.1.4. How frequently are waste receptacles too full/overflowing?,?? ??? ?????? ???? ???? ???? ????? ???????? ???????,,,yes,,,,,,,,,,
select_one yes_no,waste_receptacle_capacity,5.1.5. Is the household's most frequently used waste receptacle currently too full? (direct observation),?? ?????/ ???? ???????? ?????? ????????? ?? ?????? ?????? ????? ????? (?????? ??????),,,yes,,,,,,,,,,
select_one yes_no,waste_receptacle_odour,5.1.6. Is there a strong odor emanating from the household's most frequently used waste receptacle? (direct observation),?? ???? ????? ???? ????? ?? ????? ???????? ?????? ????????? ??????? (?????? ??????),,,yes,,,,,,,,,,
select_one drain,latrine_drain,5.1.7. Where does waste water from the toilet/latrine that you use drain into?,??? ??? ???? ?????? ????????? ??????? ?,,,yes,,,,,,,,,,
 text,latrine_drain_other,"If other, please specify",??? ???? ?????? ?????,"selected(${latrine_drain},'other')",,yes,,,,,,,,,,
select_one yes_no,visible_sewage,5.2.1. Is there currently visible sewage in the nearest public area ? (direct observation),?? ???? ????? ???? ??? ????? ?? ???? ????? ???? ?? ??????? (?????? ??????),,,yes,,,,,,,,,,
select_one sewage_visibility,sewage_visability,5.2.2. How often was there visible sewage in the public areas in the last 30 days?,?? ??? ???? ???? ????? ????? ????? ?? ??????? ?????? ???? ?? 30 ???? ????????,,,yes,,,,,,,,,,
select_one yes_no,smell_sewage,5.2.3. Is there currently a smell of sewage in the nearest public area ? (direct observation),?? ???? ?????? ????? ??????? ?? ???? ????? ???? ?? ?????? ? (?????? ??????),,,yes,,,,,,,,,,
select_one sewage_visibility,sewage_visability_vicinity,5.2.4. How often was there visible sewage in the vicinity (30 meters or less) of your accommodation in the last 30 days?,?? ??? ???? ???? ????? ????? ????? ?? ??????? ( ??? ???? 30 ? ?? ???) ?? ????? ???? ??30 ???? ????????,,,yes,,,,,,,,,,
select_multiple waste_visibility,waste_visibility,"5.2.5. In the last 30 days, was the following visible in the vicinity of your accommodation (30 meters or less",?? ??? 30 ????? ? ?? ??? ?? ??? ?????? ?????? ?? ???? ?????? (30 ????? ?? ???),,,yes,,,,,,,,,,
select_multiple household_health,household_health,"5.3.1. Has any of your household members suffered from diarrhoea, cholera, skin/eye infections in the last two weeks?",?? ???? ?? ?? ????? ????? ?? ??????? ????????? ????????? ????? / ????? ???? ????????? ?????????,,"if(selected(.,'none'), count-selected(.)=1, count-selected(.)>=1) ",,,,,,,,,,,
integer,frequency_diarrhoea,5.3.2. How many of your household members (including you) suffered from diarrhoea in the last 2 weeks. ,?? ?? ????? ????? (??? ???? ???) ????? ?? ??????? ?? ????????? ????????.,"selected(${household_health},'diarrhoea')",.> 0,,,,,,,,,,,
integer,frequency_cholora,5.3.3. How many of your household members (including you) suffered from acute watery diarrhoea/cholora in the last 2 weeks. ,?? ??? ????? ????? (??? ???? ???) ????? ????? ?? ??????? ?????? ????? / ???????? ?? ????????? ????????.,"selected(${household_health},'cholera')",.> 0,,,,,,,,,,,
integer,frequency_infection,5.3.4. How many of your household members (including you) suffered from skin/eye infection in the last 2 weeks. ,?? ?? ????? ????? (??? ???? ???) ????? ?? ?????? ????? / ????? ?? ????????? ????????.,"selected(${household_health},'infection')",.> 0,,,,,,,,,,,
end group,,,,,,,,,,,,,,,,
begin group,hygiene,Hygiene,???????,,,,,,,,,,,,,
select_one yes_no,household_soap,6.1.1. Does your household have access to soap? ,?? ?????? ????? ?????? ??? ??????? ??????? ( ???? ??? ?????? ????)?,,,yes,,(Ask to see soap),???? ?? ???? ??????? ?????,,,,,,,
select_one soap_access,soap_access,6.1.2. How frequently do you have access to soap?,?? ??? ????? ?????? ??? ????????,"selected(${household_soap},'yes')",,yes,,,,,,,,,,
select_multiple no_soap,no_soap,6.1.3. Why don’t you have soap? ,????? ??? ???? ??????,"selected(${household_soap},'no')",,yes,,,,,,,,,,
select_one yes_no,handwashing_access,6.2.1. Does the household have access to handwashing facilities?,?? ??? ?????? ??????? ?????? ??? ????? ??? ?????? ( ?????),,,yes,,,,,,,,,,
select_one yes_no,handwashing_access_communal,6.2.2. Is this a shared facility?,?? ????? ??? ?????? ??? ???????,"selected(${handwashing_access},'yes')",,,,,,,,,,,,
select_one handwash_duration,handwash_duration,"6.2.3. How long does it take to go to your handwashing facility, wash hands, and return (at peak time)? ",?? ?? ????? ?????? ?????? ??? ??????? ? ???? ?????? ? ??????? (?? ??? ??????)?,"selected(${handwashing_access_communal},'yes')",,yes,,,,,,,,,,
select_one yes_no_hygiene,menstrual_hygiene,6.3.1. Do the women in your HH have access to menstrual hygiene material?,?? ?????? ?????? ?? ????? ?????? ??? ???? ??????? ????????,,,,,,,,,,,,,
select_multiple hygiene_source,menstrual_hygiene_source,6.3.2. Where is it sourced from?,?? ??? ???? ??? ???????,"selected(${menstrual_hygiene},'yes')",,,,,,,,,,,,
 text,menstrual_hygiene_source_other,"If other, please specify",??? ???? ?????? ?????,"selected(${menstrual_hygiene},'other')",,yes,,,,,,,,,,
select_one yes_no_hygiene,menstrual_hygiene_monthly,"6.3.3. If distributed, are women in your household receiving menstrual hygiene material monthly?",???  ??? ?? ??? ??????? ? ?? ????? ?????? ?? ????? ???? ??????? ???????,"selected(${menstrual_hygiene_source},'ngo') or selected(${menstrual_hygiene_source}, 'gov')",,,,,,,,,,,,
select_one yes_no,sufficient_hygiene_items,6.4.1. Do you have access to sufficient hygiene items?,?? ?????? ?????? ??? ???? ????? ????? ???,,,yes,,,,,,,,,,
select_multiple hygiene_source,hygiene_source,6.4.2. Where do you get it from?,?? ??? ???? ?????,"selected(${sufficient_hygiene_items},'yes')",,yes,,,,,,,,,,
select_multiple hygiene_problems,hygiene_problems,"6.4.3. Does your household have problems related to hygiene items (feminine hygiene products, baby diapers, toothpaste/brush)?  If yes, which ones?",?? ????? ????? ?? ????? ?????  ????? ??????? (?????? ??????? ?????? ??????? ? ?????? ??????? ? ????? ??????? / ???????)? ??? ???? ??????? ???? ? ?? ?????,,"if(selected(.,'none'), count-selected(.)=1, count-selected(.)>=1) ",yes,,,,,,,,,,
 text,hygiene_problems_other,"If other, please specify",??? ???? ?????? ?????,"selected(${hygiene_problems},'other')",,yes,,,,,,,,,,
select_multiple hygiene_adapt,hygiene_problems_adapt,6.4.4. How does your household adapt to issues related to hygiene items?,??? ????? ????? ?? ??????? ???????? ?????? ????????,"not(selected(${hygiene_problems},'no'))",,yes,,,,,,,,,,
 text,hygiene_problems_adapt_other,"If other, please specify",??? ???? ?????? ?????,"selected(${hygiene_problems_adapt},'other')",,yes,,,,,,,,,,
select_multiple hygiene_practise,hygiene_practise,6.5. Are you aware of these key hygiene practices? ,?? ??? ??? ??? ???????? ??????? ???????? ????,,,yes,,,,,,,,,,
select_multiple hygiene_support,hygiene_support,"6.6. If your household were to receive support to address your concerns, what would you prefer? ",??? ???? ????? ?????? ????? ??????? ?????? ???????? ???????? ? ??? ???? ??????,,,yes,,,,,,,,,,
select_multiple coping_mechanisms,hygiene_coping_mechanisms,"6.7. In the last 7 days, have you or any of your family members:",?? ??? 7 ???? ? ?? ?????? ??? ?? ?? ?? ????? ????? ??? ?????? ??? ??? ??? ??????? ?? ??? ????? ???????:,,"if(selected(.,'none'), count-selected(.)=1, count-selected(.)>=1) ",yes,,,,,,,,,"Sleeping Mats,  Blankets Jerry Can (10lts), Jerry Can (20lts), Laundry detergent, Bath Soap, NaDCC Disinfection Tablets",????? ?? ????? ????? ? ????????? ? ??????? ? ?????? ?????? ? ????? ?????? ? ????? ?????? ?????? ??????
 text,hygiene_coping_mechanisms_other,"If other, please specify",??? ???? ?????? ?????,"selected(${hygiene_coping_mechanisms},'other')",,yes,,,,,,,,,,
select_one shower,household_shower,6.8.1. What type of showers does your household most commonly use?,?? ??? ????????? ???? ??????? ?????? ???? ?????,,,yes,,,,,,,,,,
 text,household_shower_other,"If other, please specify",??? ???? ?????? ?????,"selected(${household_shower},'other')",,yes,,,,,,,,,,
select_multiple shower_observation,shower_observation,"6.8.2. If present, does the communal shower closest to the household have the following?",??? ??? ???? ????? ? ?? ?? ????? ???? ???? ????? ?????? ??? ?????:?,"selected(${household_shower},'communal_line')",,yes,, (direct observation),,,,,,,,
end group,,,,,,,,,,,,,,,,
select_one yes_no,experienced_floods,"8.2.1. In the last 12 months, has your area seen floods?",?? ??? 12 ???? ?? ?????? ?????? ????????,,,yes,,,,,,,,,,
begin group,flood,Flood risk,????? ?????????,"selected(${experienced_floods},'yes')",,,,,,,,,,,,
integer,flood_frequency,8.2.2. How many times over the last 12 months have you experienced flooding in the area?,?? ??? ???? ??12 ???? ??????? ?????? ?? ??????? ?? ???????,,,yes,,,,,,,,,,
select_one yes_no,shelter_affected,8.3.1. Has your shelter been affected by these area?,?? ???? ????? ???? ??????????,,,yes,,,,,,,,,,
select_one flood_damage,how_shelter_affected,8.3.2. How has your shelter been affected?,??? ???? ??????,"selected(${shelter_affected},'yes')",,yes,,,,,,,,,,
text,how_shelter_affected_other,"If other, please specify",??? ???? ?????? ?????,"selected(${how_shelter_affected},'other')",,yes,,,,,,,,,,
select_one yes_no,activities_affected,8.4.1. Have your daily activities been affected by these floods?,?? ????? ?????? ??????? ???? ??????????,,,yes,,,,,,,,,,
select_multiple flood_activities,how_activities_affected,8.4.2. How were your daily activities affected?,??? ????? ?????? ????????,"selected(${activities_affected},'yes')",,yes,,,,,,,,,,
text,how_activities_affected_other,"If other, please specify",??? ???? ?????? ?????,"selected(${how_activities_affected},'other')",,yes,,,,,,,,,,
select_one economic_wellbeing,economic_wellbeing,8.4.3. How has your economic situation been affected by the flood?,??? ????? ?????? ?????????? ?????? ?? ???? ????????,,,,,,,,,,,,Economic wellbeing increasing means more money coming into the household and decreasing means the household has lost money during this time,????? ?????? ????????? ???? ?????? ?? ??????? ???? ???? ??? ?????? ????????????? ????????? ???? ?? ?????? ?? ???? ????? ???? ??? ?????
select_one economic_reason,economic_reason,8.4.4. What is the reason behind this?,???? ??? ????,"selected(${economic_wellbeing},'decrease')",,,,,,,,,,,,
text,economic_reason_other,"If other, please specify",??? ???? ?????? ?????,"selected(${economic_reason},'other')",,yes,,,,,,,,,,
select_multiple  flood_causes,flood_causes,8.5. What do you think is the reason for these floodings?,?????? ?? ?? ??? ??? ??????????,,,yes,,,,,,,,,,
select_multiple flood_mitigation,flood_mitigation,8.6. What migitation measures have you used to reduce the chance of flooding?,?? ?? ???????? ??????? ???? ????????? ?????? ???? ???? ??????,,,yes,,,,,,,,,,
text,flood_mitigation_other,"If other, please specify",??? ???? ?????? ?????,"selected(${flood_mitigation},'other')",,yes,,,,,,,,,,
select_one agree,flood_improved,8.7. How much do you agree with the following statement; The area is now better prepared to face a flood.,??? ?? ??? ????? ??? ?????? ??????: ????? ??????? ????? ???? ??????? ???????,,,yes,,,,,,,,,,
end group,,,,,,,,,,,,,,,,
select_one yes_no,experienced_droughts,"9.1. In the last 12 months, has your area seen drought?",?? ??? 12 ???? ?? ?????? ?????? ???????,,,yes,,,,,,,,,,
begin group,drought,Drought risk,??? ??????,"selected(${experienced_droughts},'yes')",,,,,,,,,,,,
select_one yes_no,activities_affected_drought,9.2.1. Have your daily activities been affected by these droughts?,?? ????? ?????? ??????? ???? ???????,,,yes,,,,,,,,,,
select_multiple drought_impact,drought_impact,9.2.2.What have been the consequences of drought for area residents?,??? ???? ????? ?????? ??? ???? ???????,,,yes,,,,,,,,,,
text,drought_impact_other,"If other, please specify",??? ???? ?????? ?????,"selected(${drought_impact},'other')",,yes,,,,,,,,,,
select_one economic_wellbeing,economic_wellbeing_drought,9.3.1. How has your economic situation been affected by the dry spell?,??? ????? ?????? ?????????? ?????? ?? ???? ???????,,,,,,,,,,,,Economic wellbeing increasing means more money coming into the household and decreasing means the household has lost money during this time,????? ?????? ????????? ???? ?????? ?? ??????? ???? ???? ??? ?????? ????????????? ????????? ???? ?? ?????? ?? ???? ????? ???? ??? ?????
select_one economic_reason,economic_reason_drought,9.3.2. What is the reason behind this?,???? ??? ????,"selected(${economic_wellbeing},'decrease')",,,,,,,,,,,,
text,economic_reason_drought_other,"If other, please specify",??? ???? ?????? ?????,"selected(${economic_reason_drought},'other')",,yes,,,,,,,,,,
select_multiple drought_causes,drought_causes,9.4. What do you think is the reason for these droughts?,?????? ???? ??? ??? ???????,,,yes,,,,,,,,,,
select_multiple drought_mitigation,drought_mitigation,9.5. What mitigation measures have been used to reduce the impact of droughts?,?? ?? ?????? ??????? ???? ????????? ???? ?? ???? ???????,,,yes,,,,,,,,,,
text,drought_mitigation_other,"If other, please specify",??? ???? ?????? ?????,"selected(${drought_mitigation},'other')",,yes,,,,,,,,,,
select_one agree,drought_improved,9.6. How much do you agree with the following statement; The area is now better prepared to face a drought,??? ?? ??? ????? ??? ?????? ??????? ????? ??????? ???? ???? ????????? ??????? ??????,,,yes,,,,,,,,,,
end group,,,,,,,,,,,,,,,,
select_one yes_no,children_school,7.1. Do you have children who are going to school?,?? ???? ????? ??????? ????????,,,yes,,,,,,,,,,
begin group,schools,Schools,???????,"selected(${children_school},'yes')",,,,,,,,,,,,
select_one drinking_water_school,drinking_water_school,7.2.1. What is the main source of drinking water in the school?,?? ?? ?????? ??????? ????? ????? ?? ????????,,,yes,,,,,,,,,,
select_one distance,water_supply_distance,7.2.2. Where is the main water supply for the school located?,??? ??? ???? ?????? ??????? ????????,,,yes,,,,,,,,,,
select_one yes_no,drinking_water_available,7.2.3. Is the drinking water from the source currently available at the school?,?? ???? ????? ?? ?????? ?????? ?????? ?? ????????,,,yes,,,,,,,,,,
select_one yes_no,drinking_water_quality,7.2.4. Is the quality of water acceptable to its users?,?? ????? ?????? ?????? ???????????,,,yes,,,,,,,,,,
select_multiple why_treat,drinking_water_quality_why,7.2.5. Why not?,??? ???,"selected(${drinking_water_quality},'no')",,yes,,,,,,,,,,
select_one sanitation_facility,school_sanitation_facility,7.3.1. What is the type of student latrines/toilets at school?,?? ?? ??? ?????? ?????? ?? ????????,,,yes,,,,,,,,,,
select_one yes_no,school_sanitation_usable,"7.3.2. Are the latrines/toilets at school currently usable (accessible, functional, private)?",?? ???????? ?? ??????? ????? ????????? ?????? (???? ?????? ????? ? ???? ? ????)?,,,yes,,,,,,,,,,
select_multiple sanitation_problem,school_sanitation_unusable,7.3.3. Why are they unusable?,????? ?? ???? ????? ??????????,"selected(${school_sanitation_usable},'no')",,yes,,,,,,,,,,
integer,school_sanitation_number,7.3.4. What is the number of functional toilets at school?,?? ?? ??? ???????? ???? ???? ?? ????????,,,,,999 If don't know,,,,,,,,
select_one yes_no,school_sanitation_seperation,7.3.5. Are there separate toilets for boys and girls?,?? ???? ?????? ?????? ?????? ????????,,,yes,,,,,,,,,,
select_one yes_no,school_sanitation_access,7.3.6. Are the toilets accessible for people with limited mobility?,?? ???????? ????? ??????? ??? ?????? ???????? ??? ???????,,,yes,,,,,,,,,,
select_one yes_no,school_handwashing,7.4.1. Are there handwashing facilities in the school?,?? ???? ????? ???? ?????? ?? ????????,,,yes,,,,,,,,,,
select_one yes_no,school_handwashing_facilities,7.4.2. Are both soap and water currently available at the handwashing facilities?,?? ?? ?? ??????? ?????? ?????? ????? ?? ????? ??? ???????,"selected(${school_handwashing},'yes')",,yes,,,,,,,,,,
end group,,,,,,,,,,,,,,,,
begin group,summary,WASH Summary,????,,,,,,,,,,,,,
select_multiple wash_concern,wash_concern,"8.1. To summarize our discussion around water, sanitation facilities, personal hygiene and environmantal sanitation, which of the following is your biggest concern right now for you and your househols members",?????? ???????? ??? ?????? ? ?????? ????? ????? ? ???????? ??????? ?????? ????? ?????? ? ?? ??? ??? ???? ???? ?????? ?? ?? ????? ?????? ?? ??????? ??????,,"not(selected(.,'no_concern') and count-selected(.)>1) and count-selected(.)<=3",yes,,Only three choices,???? 3 ?????? ???,,,,,,,
end group,,,,,,,,,,,,,,,,
begin group,contact,Contact Details,????,,,,,,,,,,,,,
select_one yes_no,further_contact_willing,9.1. Are you prepared to provide your details so that we can contact you by telephone to take part in other future assessments about your area of origin?, ?? ??? ????? ?????? ??????? ??? ????? ?? ??????? ?? ??? ?????? ???????? ?? ??????? ???????? ???? ??? ?????? ????????,,,yes,,,,,,,,,,
text,further_contact_name,9.2. Please provide full name, ???? ????? ????? ??????,"selected(${further_contact_willing},'yes')",,yes,,,,,,,,,,
text,further_contact_number,9.3. Please provide a contact number,. ???? ????? ??? ???????,"selected(${further_contact_willing},'yes')","regex(.,'[0-9]{11}')",yes,,,,,,,,,,
end group,,,,,,,,,,,,,,,,
gps,gpslocation,Record the current location within 5 meters of accuracy,?????? ????? ?????? ??? ????? 5 ????? ?? ????,,,yes,,,,,,,,,,
note,thanks,END OF SURVEY - THANK YOU FOR YOUR TIME please exit the form and submit it,????? ????? - ????? ?? ??? ???? ? ???? ?????? ?? ??????? ???????,,,,,,,,,,,,,
